{
  "folds": 8,
  "mean_mae": 5.126796558499336,
  "mean_rmse": 6.33856950017638,
  "mean_r2": -0.6119246557354927,
  "median_r2": -0.11593759059906006
}